,ID_Transacao,Status_Pedido,Valor_Compra,Idade_Cliente,CEP
0,4143,Entregue,154.7260464076773,,056790-000
1,2690,Em Trânsito,229.81124436744796,,076352-000
2,1793,Em Trânsito,185.48725775997664,66.0,070215-000
3,4751,Entregue,248.54819505845919,,069481-000
4,2564,Entregue,134.6472594050091,33.0,032310-000
5,4153,Em Trânsito,113.9166456007632,57.0,045436-000
6,1774,Cancelado,,55.0,068207-000
7,4689,Em Trânsito,242.9187256061382,,071643-000
8,1276,Entregue,94.05342241670911,40.0,054587-000
9,2999,Entregue,220.00791876820233,63.0,087319-000
10,1962,Entregue,173.75507021675804,65.0,083095-000
11,4935,Em Trânsito,127.9377573545888,57.0,052890-000
12,2545,Entregue,225.16422274587313,35.0,017008-000
13,4645,Em Trânsito,90.01891760049807,,069544-000
14,1735,Cancelado,,66.0,046830-000
15,4207,Entregue,140.72243816705227,39.0,033276-000
16,3783,Entregue,205.87303098304014,71.0,065222-000
17,1113,Cancelado,,57.0,083038-000
18,1771,Em Trânsito,204.85406332891762,47.0,072519-000
19,3204,Entregue,152.4096500851588,65.0,063044-000
20,2419,Entregue,128.25580994736654,72.0,029184-000
21,2012,Entregue,145.9558328659624,,060082-000
22,4300,Entregue,159.1483904852082,59.0,086326-000
23,4683,Cancelado,,59.0,031633-000
24,3302,Em Trânsito,184.11915589385438,70.0,046961-000
25,4250,Cancelado,,,035368-000
26,4858,Em Trânsito,183.9824958089285,70.0,037045-000
27,2252,Cancelado,,35.0,063187-000
28,4438,Cancelado,,58.0,055135-000
29,4102,Em Trânsito,200.2329628591705,70.0,079919-000
30,1107,Entregue,115.96067279256474,,071261-000
31,1281,Entregue,102.82761103011353,74.0,065464-000
32,3668,Cancelado,,,030742-000
33,3437,Cancelado,,,033250-000
34,4612,Cancelado,,32.0,012577-000
35,3576,Entregue,109.98938049069308,22.0,080416-000
36,2427,Em Trânsito,270.9079098169422,44.0,014305-000
37,4241,Entregue,148.58470739873553,34.0,063202-000
38,1877,Cancelado,,58.0,024951-000
39,2198,Entregue,106.59615405782452,74.0,029532-000
40,4145,Entregue,256.0822307044748,74.0,088138-000
41,1453,Entregue,139.28922898694128,49.0,098074-000
42,1508,Em Trânsito,145.91571603001603,55.0,050828-000
43,2263,Cancelado,,43.0,072514-000
44,3143,Entregue,213.67574416414672,19.0,080662-000
45,4585,Entregue,106.08398862632042,45.0,028330-000
46,3249,Cancelado,,62.0,023242-000
47,4108,Entregue,122.35456914014313,40.0,044340-000
48,1090,Entregue,133.64411689712537,67.0,070989-000
49,1232,Entregue,191.61532295137158,37.0,023823-000
50,1658,Entregue,145.6544820399777,53.0,092119-000
51,4058,Cancelado,,59.0,079604-000
52,3856,Entregue,150.2510997214476,72.0,018281-000
53,1911,Em Trânsito,121.73298902259808,39.0,081734-000
54,3300,Entregue,227.79300754491703,28.0,097951-000
55,4442,Em Trânsito,115.16109800073646,45.0,051051-000
56,3771,Cancelado,,62.0,067283-000
57,2467,Entregue,180.87334697518395,72.0,069309-000
58,1440,Em Trânsito,183.74372582346143,39.0,022348-000
59,1995,Em Trânsito,130.54300962982924,34.0,073335-000
60,3111,Entregue,204.82289164841876,48.0,053124-000
61,1004,Entregue,257.15568287947053,28.0,092509-000
62,4729,Cancelado,,53.0,095558-000
63,3119,Cancelado,,31.0,062466-000
64,4468,Entregue,145.8372443539345,52.0,059937-000
65,1616,Cancelado,,40.0,034459-000
66,3377,Cancelado,,46.0,055076-000
67,4619,Cancelado,,40.0,020080-000
68,2170,Cancelado,,61.0,046813-000
69,4486,Entregue,193.3968763590946,,030168-000
70,4839,Entregue,148.67554141009097,,093097-000
71,4811,Em Trânsito,136.87988774225366,,041892-000
72,3396,Cancelado,,37.0,012965-000
73,1364,Entregue,142.73796532161134,42.0,042438-000
74,3838,Em Trânsito,206.64405262011564,36.0,018493-000
75,3463,Cancelado,,43.0,077880-000
76,1624,Em Trânsito,216.66946705030517,49.0,055828-000
77,1506,Cancelado,,,095135-000
78,1522,Entregue,31.13229622900751,38.0,037891-000
79,1705,Em Trânsito,109.84676360815132,26.0,050955-000
80,2759,Entregue,144.77384748168313,60.0,026445-000
81,1249,Cancelado,,36.0,043625-000
82,1900,Cancelado,,,093260-000
83,1248,Cancelado,,,035393-000
84,2374,Em Trânsito,239.04716211281834,38.0,072844-000
85,2292,Em Trânsito,220.20705387741071,35.0,037683-000
86,3901,Em Trânsito,89.64175944622552,23.0,031399-000
87,3495,Entregue,107.88516010281634,52.0,092894-000
88,2826,Em Trânsito,165.95671425308834,31.0,030036-000
89,3130,Cancelado,,26.0,093631-000
90,4612,Entregue,13.15277970582963,52.0,059941-000
91,4478,Cancelado,,19.0,036656-000
92,3386,Cancelado,,68.0,043348-000
93,2103,Em Trânsito,155.60714880027868,23.0,036617-000
94,3142,Em Trânsito,103.44388188456344,,051311-000
95,3959,Em Trânsito,122.04413725809738,74.0,041766-000
96,4993,Cancelado,,,083097-000
97,1258,Entregue,278.03633177098925,26.0,028266-000
98,1121,Em Trânsito,151.81082388247296,67.0,014345-000
99,2147,Em Trânsito,113.8425226911834,48.0,027644-000
100,3582,Entregue,240.15474206810478,,082583-000
101,4000,Cancelado,,45.0,075767-000
102,1904,Cancelado,,19.0,057531-000
103,1946,Entregue,150.96672240859166,,084684-000
104,4799,Em Trânsito,140.4207804585497,,047497-000
105,4360,Entregue,177.4307749697581,41.0,054889-000
106,4533,Em Trânsito,87.12868148049728,52.0,029920-000
107,3139,Entregue,90.42042326421594,24.0,064271-000
108,2047,Cancelado,,55.0,079850-000
109,4178,Cancelado,,46.0,092226-000
110,4889,Cancelado,,18.0,067657-000
111,1051,Cancelado,,72.0,013474-000
112,3758,Entregue,270.3728066333874,68.0,097768-000
113,1293,Entregue,142.41038662100823,47.0,034039-000
114,3347,Em Trânsito,156.576067448682,69.0,024104-000
115,3392,Entregue,167.55131154519827,63.0,027786-000
116,2405,Em Trânsito,146.35476264379344,,096296-000
117,2591,Entregue,208.98474816366237,27.0,056716-000
118,3241,Entregue,157.27891288691018,51.0,054358-000
119,4628,Entregue,123.92933054696712,28.0,061269-000
120,3483,Entregue,81.74928697139462,65.0,032193-000
121,3432,Cancelado,,66.0,097950-000
122,1854,Entregue,195.71958405584448,54.0,026791-000
123,1750,Em Trânsito,86.63168423005179,71.0,081216-000
124,2395,Cancelado,,,090390-000
125,4815,Entregue,198.28407667566398,67.0,088429-000
126,3367,Entregue,107.43232595704643,,016224-000
127,1238,Em Trânsito,106.97708159110773,27.0,037685-000
128,3439,Cancelado,,55.0,028476-000
129,3017,Cancelado,,,086598-000
130,2962,Cancelado,,41.0,011484-000
131,3695,Cancelado,,25.0,029760-000
132,4356,Em Trânsito,100.31817613428393,23.0,016326-000
133,3060,Entregue,117.02195209653257,72.0,043234-000
134,4456,Entregue,141.07907473004911,21.0,080469-000
135,1540,Cancelado,,22.0,090075-000
136,3737,Em Trânsito,111.16026893645368,23.0,043742-000
137,2316,Entregue,174.04116631080745,,055678-000
138,3304,Cancelado,,,080723-000
139,1107,Cancelado,,55.0,066624-000
140,2604,Em Trânsito,233.0931666728597,68.0,078187-000
141,2908,Em Trânsito,153.92507320655736,74.0,093719-000
142,4759,Em Trânsito,108.38913715447606,,024963-000
143,3230,Cancelado,,57.0,092935-000
144,4825,Em Trânsito,168.04041361027768,62.0,016238-000
145,4777,Cancelado,,53.0,068028-000
146,1366,Entregue,160.6717536753336,,057900-000
147,4067,Cancelado,,66.0,070494-000
148,1830,Cancelado,,31.0,074791-000
149,4605,Entregue,76.13175111498471,,058788-000
150,3909,Em Trânsito,163.62447360324057,64.0,051328-000
151,4594,Em Trânsito,69.9246112687908,71.0,065574-000
152,4356,Cancelado,,36.0,071790-000
153,3921,Cancelado,,28.0,081583-000
154,4330,Entregue,139.19758878497126,56.0,065701-000
155,1172,Em Trânsito,182.38975682051816,18.0,082125-000
156,2740,Entregue,158.63558486518156,52.0,090501-000
157,3807,Cancelado,,36.0,022805-000
158,3818,Cancelado,,,076880-000
159,2353,Entregue,137.24822376831057,,096037-000
160,1451,Entregue,85.18227719471389,53.0,037331-000
161,4853,Em Trânsito,262.90029725962984,41.0,084860-000
162,3044,Entregue,139.33644014552732,60.0,083075-000
163,1470,Em Trânsito,128.60008795611574,24.0,050632-000
164,2104,Em Trânsito,172.1993611693792,24.0,097268-000
165,1320,Entregue,140.33567736330966,63.0,023225-000
166,1440,Entregue,87.10069546896793,64.0,062218-000
167,3446,Em Trânsito,90.40815118396259,,049859-000
168,3235,Entregue,105.48248876260709,31.0,069755-000
169,4509,Em Trânsito,167.86708080866214,62.0,036496-000
170,1884,Em Trânsito,115.22622870066024,69.0,094392-000
171,2921,Cancelado,,43.0,010958-000
172,3897,Em Trânsito,142.2512680595146,,093408-000
173,4519,Cancelado,,67.0,096687-000
174,1742,Entregue,152.9989630203035,18.0,075457-000
175,2493,Em Trânsito,98.02990021057265,30.0,028317-000
176,4611,Em Trânsito,213.76076000243634,40.0,023584-000
177,3909,Entregue,165.51268069635424,37.0,048495-000
178,4532,Entregue,141.3453284886134,24.0,036592-000
179,3039,Entregue,123.5405075969965,,047917-000
180,4906,Em Trânsito,122.57385846176508,26.0,097672-000
181,3562,Entregue,92.13803992090757,,066308-000
182,2260,Entregue,83.41915170283515,27.0,047742-000
183,1180,Cancelado,,71.0,099010-000
184,1409,Cancelado,,,030321-000
185,3563,Em Trânsito,111.67257012185095,24.0,046029-000
186,1911,Entregue,96.18526823082215,42.0,038858-000
187,3907,Entregue,214.39754792252364,47.0,051838-000
188,4143,Cancelado,,,048336-000
189,3229,Em Trânsito,91.3114388332854,43.0,074597-000
190,3151,Entregue,178.5373101752796,61.0,014768-000
191,4343,Em Trânsito,222.65908028801002,29.0,087422-000
192,3334,Cancelado,,30.0,015177-000
193,3134,Entregue,156.90950626924246,71.0,041761-000
194,1385,Cancelado,,,083582-000
195,4144,Cancelado,,57.0,060022-000
196,1602,Cancelado,,,041883-000
197,4756,Entregue,102.44779499078783,70.0,016601-000
198,4381,Em Trânsito,151.1187716737101,69.0,084433-000
199,3746,Entregue,180.22889075756967,18.0,029073-000
200,1442,Cancelado,,23.0,066261-000
201,2941,Em Trânsito,176.48480956693123,72.0,053219-000
202,4307,Cancelado,,19.0,014581-000
203,4745,Entregue,136.90892123853448,71.0,049802-000
204,3632,Em Trânsito,79.36257059498959,63.0,039698-000
205,2760,Entregue,242.5030633464215,44.0,061119-000
206,4967,Em Trânsito,238.38968851555543,35.0,084980-000
207,4301,Cancelado,,59.0,084980-000
208,3301,Cancelado,,46.0,070393-000
209,3999,Cancelado,,70.0,015080-000
210,4745,Entregue,151.63243055097593,50.0,074652-000
211,1354,Entregue,134.53073002601377,20.0,078664-000
212,2785,Cancelado,,37.0,072577-000
213,4566,Cancelado,,,032206-000
214,3457,Em Trânsito,177.34494979668187,35.0,040450-000
215,4270,Em Trânsito,158.2088314370049,25.0,088117-000
216,3476,Entregue,194.2157823474943,39.0,054569-000
217,4823,Em Trânsito,139.03819860936642,,019811-000
218,2772,Entregue,129.0699620340751,39.0,060496-000
219,1474,Entregue,169.3719741129646,,087641-000
220,3635,Em Trânsito,154.31507234254084,,096588-000
221,4024,Em Trânsito,224.2025152136303,19.0,021960-000
222,3964,Em Trânsito,132.67102327889103,26.0,066832-000
223,3389,Cancelado,,52.0,028162-000
224,3521,Cancelado,,,078639-000
225,2830,Em Trânsito,129.34172541300876,43.0,048634-000
226,3444,Cancelado,,51.0,015530-000
227,2449,Entregue,68.39261825337698,24.0,078624-000
228,2068,Cancelado,,47.0,033128-000
229,4414,Cancelado,,,080707-000
230,3738,Cancelado,,42.0,014465-000
231,1733,Entregue,178.23287240009347,66.0,039998-000
232,4958,Entregue,168.4990484249319,26.0,098607-000
233,2040,Em Trânsito,116.50580306038972,44.0,037333-000
234,3266,Cancelado,,,075886-000
235,1595,Cancelado,,50.0,016522-000
236,1190,Entregue,59.75922541471927,25.0,056518-000
237,4462,Cancelado,,66.0,099194-000
238,4510,Entregue,120.12512700935758,49.0,045320-000
239,1643,Cancelado,,57.0,066307-000
240,4568,Em Trânsito,183.9104991776892,36.0,083087-000
241,2822,Entregue,162.16021066294402,53.0,058975-000
242,1093,Entregue,195.56232306254373,,043819-000
243,2118,Entregue,144.10562547753287,62.0,067630-000
244,4767,Cancelado,,39.0,086406-000
245,2667,Em Trânsito,189.95782237355655,,066662-000
246,2105,Entregue,233.816873234943,43.0,013558-000
247,1339,Em Trânsito,134.4262745857797,20.0,073082-000
248,3855,Entregue,162.40472648263716,63.0,074762-000
249,3407,Em Trânsito,178.678413141149,26.0,083834-000
250,3036,Cancelado,,52.0,061705-000
251,3159,Cancelado,,24.0,013513-000
252,1302,Em Trânsito,144.3986488652956,32.0,019460-000
253,2841,Em Trânsito,178.1882807629367,21.0,065374-000
254,2942,Cancelado,,54.0,035316-000
255,1050,Em Trânsito,245.73192230029588,45.0,083189-000
256,1805,Em Trânsito,134.52463449171321,,075558-000
257,2928,Em Trânsito,110.01345104906719,52.0,059512-000
258,1700,Entregue,174.2254074018831,65.0,038669-000
259,4791,Em Trânsito,103.08113659936785,,067560-000
260,1660,Entregue,127.07739998608763,68.0,041709-000
261,2800,Cancelado,,42.0,075270-000
262,2907,Cancelado,,26.0,097705-000
263,2304,Cancelado,,69.0,027011-000
264,2136,Em Trânsito,121.82566069819691,50.0,029651-000
265,1035,Cancelado,,,010566-000
266,1622,Entregue,258.6294680601185,,046526-000
267,3730,Entregue,191.47213413169834,26.0,012020-000
268,4149,Em Trânsito,57.81294908344343,,079066-000
269,3896,Entregue,129.63437655675688,,028890-000
270,2563,Entregue,176.59889180173417,64.0,087283-000
271,4007,Cancelado,,43.0,085919-000
272,3092,Entregue,28.92199169127639,62.0,053882-000
273,1872,Cancelado,,36.0,035304-000
274,3999,Cancelado,,,057742-000
275,2327,Entregue,232.00395744960196,19.0,092393-000
276,2415,Entregue,167.7739679022658,62.0,072124-000
277,3701,Em Trânsito,142.76953658613152,24.0,043373-000
278,3062,Em Trânsito,134.20363097528718,26.0,048451-000
279,3687,Entregue,172.53290393920616,39.0,062754-000
280,1166,Cancelado,,,023669-000
281,2688,Cancelado,,,082940-000
282,1062,Em Trânsito,166.1581444733759,71.0,030754-000
283,4642,Cancelado,,33.0,014847-000
284,1202,Em Trânsito,151.6408291344991,60.0,091472-000
285,2180,Cancelado,,41.0,048446-000
286,2538,Entregue,167.84189553338695,25.0,070489-000
287,4622,Entregue,160.12286529450844,47.0,079589-000
288,3325,Cancelado,,43.0,076245-000
289,2124,Em Trânsito,146.72552784758358,,010922-000
290,1894,Entregue,147.60338399195908,65.0,060261-000
291,2192,Em Trânsito,203.93758102207835,52.0,046360-000
292,2555,Entregue,161.78202652727833,62.0,022790-000
293,3450,Cancelado,,,024567-000
294,2164,Entregue,72.66777596466981,,030343-000
295,3394,Cancelado,,55.0,065793-000
296,1786,Em Trânsito,115.5543533136654,27.0,041142-000
297,1975,Entregue,173.04518899572383,58.0,011490-000
298,1833,Em Trânsito,119.0455734937878,67.0,090118-000
299,1192,Em Trânsito,211.32483997801,34.0,070928-000
300,3946,Cancelado,,24.0,038426-000
301,3199,Em Trânsito,183.1463820188612,,093401-000
302,4819,Entregue,56.85442420268353,28.0,044048-000
303,4877,Cancelado,,67.0,057578-000
304,1385,Cancelado,,20.0,041723-000
305,2975,Cancelado,,63.0,026178-000
306,4279,Em Trânsito,118.124883196506,37.0,071286-000
307,4036,Entregue,189.33400251308683,,047622-000
308,4620,Entregue,185.88067711443182,40.0,051834-000
309,2411,Entregue,99.65643751588456,34.0,018055-000
310,2101,Cancelado,,46.0,034687-000
311,3000,Cancelado,,71.0,065318-000
312,1171,Entregue,140.74973440481037,60.0,049848-000
313,4628,Em Trânsito,228.8568490213819,56.0,050829-000
314,1336,Cancelado,,49.0,083929-000
315,4667,Entregue,106.83835570003421,52.0,091396-000
316,3939,Em Trânsito,111.81158735074258,52.0,053613-000
317,2454,Cancelado,,51.0,096672-000
318,1604,Cancelado,,38.0,093451-000
319,3536,Cancelado,,33.0,019581-000
320,1665,Entregue,138.22469867677927,40.0,091617-000
321,3153,Cancelado,,28.0,093537-000
322,3917,Cancelado,,31.0,055101-000
323,2232,Em Trânsito,167.14646588971846,20.0,034940-000
324,4787,Entregue,71.02149317521,24.0,078907-000
325,4831,Em Trânsito,86.29905564590896,57.0,021016-000
326,4419,Cancelado,,62.0,032943-000
327,2928,Entregue,109.60874913776355,68.0,064617-000
328,1351,Entregue,118.04426467575291,28.0,093292-000
329,2761,Cancelado,,50.0,086585-000
330,3895,Entregue,167.8216654327856,36.0,012237-000
331,3095,Entregue,93.80205566102441,62.0,075263-000
332,4317,Em Trânsito,111.77249353332593,71.0,079980-000
333,3078,Entregue,70.80908490191014,66.0,030852-000
334,4766,Entregue,103.9374226424341,,015758-000
335,1474,Em Trânsito,139.60941698476879,68.0,054322-000
336,3524,Cancelado,,,055003-000
337,4328,Em Trânsito,98.41113972273624,40.0,095895-000
338,2149,Cancelado,,40.0,019176-000
339,3266,Cancelado,,46.0,039658-000
340,3292,Cancelado,,23.0,015674-000
341,4551,Em Trânsito,201.09219834030125,56.0,027910-000
342,1442,Cancelado,,,037948-000
343,2674,Em Trânsito,129.1765556216245,49.0,065941-000
344,3548,Em Trânsito,207.89372705498513,57.0,076572-000
345,4298,Cancelado,,43.0,037749-000
346,3945,Cancelado,,31.0,036678-000
347,4885,Em Trânsito,168.57205538176112,35.0,077766-000
348,3816,Em Trânsito,86.64059441941032,38.0,027426-000
349,1254,Cancelado,,42.0,055418-000
350,1069,Cancelado,,,050709-000
351,3502,Cancelado,,41.0,038680-000
352,1577,Em Trânsito,206.15238851994238,20.0,016168-000
353,4073,Em Trânsito,163.15053930076647,39.0,079191-000
354,1494,Em Trânsito,147.42944391703153,,057076-000
355,3372,Cancelado,,63.0,011080-000
356,1780,Entregue,181.018659490748,74.0,087333-000
357,3450,Entregue,125.65398780820429,,059975-000
358,1850,Entregue,227.1213063960684,46.0,046018-000
359,2838,Entregue,112.77845679847194,24.0,077651-000
360,1128,Entregue,231.27437551052395,23.0,095487-000
361,2506,Em Trânsito,179.66215014081766,,083775-000
362,3193,Cancelado,,,093360-000
363,2648,Cancelado,,39.0,021927-000
364,2823,Cancelado,,64.0,010944-000
365,4167,Cancelado,,43.0,062420-000
366,3548,Cancelado,,42.0,029503-000
367,2479,Entregue,188.176519404341,36.0,032456-000
368,2802,Cancelado,,53.0,020175-000
369,2427,Cancelado,,52.0,034930-000
370,1007,Entregue,98.74815336550972,30.0,013305-000
371,1219,Cancelado,,,090881-000
372,1724,Entregue,79.29957613466424,65.0,063947-000
373,1101,Entregue,150.1966774854295,62.0,049537-000
374,2701,Em Trânsito,72.30125271439532,49.0,043136-000
375,3821,Cancelado,,47.0,037562-000
376,3049,Cancelado,,38.0,054953-000
377,4785,Cancelado,,59.0,086730-000
378,4561,Entregue,118.61467926483317,62.0,085624-000
379,4912,Em Trânsito,186.16355319525326,57.0,099264-000
380,3742,Cancelado,,61.0,061699-000
381,1770,Entregue,150.9593131606941,,093473-000
382,1833,Entregue,162.57706317924087,58.0,029194-000
383,1739,Entregue,192.65589658851394,59.0,090312-000
384,1199,Entregue,250.49867591467608,24.0,095992-000
385,2992,Em Trânsito,93.363509169351,20.0,092983-000
386,1025,Em Trânsito,139.75994887133615,54.0,063349-000
387,3017,Entregue,60.05689113241483,20.0,093117-000
388,1943,Cancelado,,35.0,071241-000
389,4421,Em Trânsito,232.0744526078198,68.0,080551-000
390,1101,Cancelado,,,045629-000
391,4719,Cancelado,,26.0,055251-000
392,4010,Em Trânsito,159.07484031657174,74.0,023895-000
393,2354,Cancelado,,,068549-000
394,3904,Em Trânsito,73.25724212289586,24.0,068918-000
395,3419,Em Trânsito,222.55307689885254,50.0,022792-000
396,1196,Cancelado,,42.0,073406-000
397,1509,Cancelado,,59.0,025430-000
398,2995,Entregue,51.900312991194625,51.0,049130-000
399,2014,Em Trânsito,117.67491975279283,55.0,052500-000
400,4101,Cancelado,,38.0,081844-000
401,1922,Em Trânsito,167.07669233516802,55.0,079120-000
402,3346,Entregue,230.42381475708854,73.0,071397-000
403,4204,Entregue,137.3846717255065,,064455-000
404,2791,Entregue,144.66564851960445,35.0,061078-000
405,2555,Entregue,226.08713565231926,56.0,041088-000
406,2331,Entregue,208.6756098236132,67.0,079055-000
407,1020,Entregue,79.60881384566895,50.0,019597-000
408,2922,Entregue,222.42337589998846,45.0,012013-000
409,2064,Entregue,69.7582088151044,73.0,093640-000
410,2915,Em Trânsito,173.53078112597473,42.0,023465-000
411,2521,Cancelado,,31.0,096013-000
412,2983,Em Trânsito,159.36358033837638,,075569-000
413,2899,Em Trânsito,131.22336872263784,37.0,037487-000
414,4011,Cancelado,,56.0,076939-000
415,4543,Cancelado,,37.0,013219-000
416,1966,Entregue,157.56958356842156,24.0,018077-000
417,2687,Cancelado,,21.0,012710-000
418,2331,Em Trânsito,225.26418523792168,48.0,036178-000
419,3506,Entregue,136.39647120931602,,056994-000
420,1513,Em Trânsito,123.66884415915737,74.0,022964-000
421,4574,Cancelado,,54.0,097138-000
422,4115,Em Trânsito,108.03555124956928,72.0,038288-000
423,1040,Em Trânsito,127.24888287534148,73.0,040714-000
424,3885,Entregue,98.47972864878679,38.0,013602-000
425,1262,Entregue,180.6777041280898,18.0,098024-000
426,2317,Em Trânsito,169.94524182616473,69.0,014096-000
427,3732,Cancelado,,20.0,081652-000
428,2032,Entregue,154.72574682921896,30.0,091075-000
429,4124,Em Trânsito,205.70199677494202,24.0,039610-000
430,2819,Entregue,202.88304672514653,23.0,076815-000
431,4070,Entregue,98.02134980970362,23.0,075585-000
432,1127,Cancelado,,,048419-000
433,3578,Em Trânsito,123.52623165136437,49.0,052734-000
434,2987,Em Trânsito,151.07403615218368,33.0,091985-000
435,3691,Em Trânsito,132.40937323654305,55.0,016539-000
436,1524,Em Trânsito,89.83777636469249,,031754-000
437,2755,Em Trânsito,111.00688970752717,38.0,014223-000
438,4850,Entregue,212.24995551208502,74.0,037320-000
439,1756,Entregue,213.61131456051672,,059339-000
440,4841,Entregue,184.0411157871914,,015302-000
441,4013,Entregue,138.73361583126953,40.0,073046-000
442,4211,Cancelado,,23.0,094808-000
443,1893,Cancelado,,63.0,031241-000
444,3806,Em Trânsito,144.14808052629292,,043434-000
445,3279,Cancelado,,28.0,066731-000
446,3980,Entregue,193.06328782665742,44.0,051892-000
447,2591,Entregue,212.07536864984834,,040798-000
448,1087,Entregue,171.4330485991448,62.0,015138-000
449,3813,Entregue,54.48938450775498,55.0,079676-000
450,2587,Entregue,159.91209403447152,,058901-000
451,4830,Em Trânsito,258.80314460880487,31.0,023533-000
452,2787,Em Trânsito,142.31980110382491,62.0,043385-000
453,1636,Entregue,248.18597713668441,27.0,089480-000
454,3248,Em Trânsito,185.10714591813922,,059944-000
455,4033,Cancelado,,71.0,068594-000
456,4459,Cancelado,,,087721-000
457,3408,Entregue,119.59417875072768,29.0,077980-000
458,3179,Em Trânsito,88.18106237320852,73.0,020514-000
459,1176,Entregue,89.21857895731134,,030617-000
460,4123,Em Trânsito,160.3805997154464,37.0,011350-000
461,2569,Entregue,172.29362005229726,,057318-000
462,1021,Entregue,115.8881566115636,19.0,094195-000
463,1652,Entregue,210.97828497969743,,098170-000
464,4390,Cancelado,,29.0,061358-000
465,1782,Em Trânsito,191.47089753587377,55.0,071178-000
466,1167,Em Trânsito,115.92055451573844,,085805-000
467,2061,Cancelado,,64.0,068465-000
468,1872,Cancelado,,35.0,010608-000
469,2781,Em Trânsito,135.94489967607984,67.0,086657-000
470,2770,Em Trânsito,161.2788919669984,27.0,058650-000
471,2590,Entregue,121.9738464833815,24.0,049834-000
472,3987,Entregue,146.96812925024892,59.0,010167-000
473,2396,Em Trânsito,161.95207981395302,22.0,058338-000
474,1631,Em Trânsito,123.2568121045754,,049543-000
475,2601,Entregue,136.77742454903833,46.0,013256-000
476,3881,Cancelado,,68.0,012479-000
477,2450,Em Trânsito,102.93701768660569,52.0,099511-000
478,2863,Em Trânsito,211.4739910652078,56.0,071478-000
479,4237,Cancelado,,68.0,051939-000
480,1721,Cancelado,,,037010-000
481,4573,Cancelado,,27.0,018982-000
482,4996,Em Trânsito,225.57279430946107,54.0,060626-000
483,4146,Em Trânsito,178.7637679598081,19.0,067277-000
484,1439,Em Trânsito,131.3146453672985,20.0,086176-000
485,4717,Entregue,197.19607395289214,31.0,083276-000
486,4336,Cancelado,,64.0,035702-000
487,4477,Cancelado,,37.0,069094-000
488,4757,Entregue,173.69753365468307,62.0,071541-000
489,1242,Entregue,161.1878354378363,66.0,031134-000
490,3648,Entregue,220.8345606925409,,021353-000
491,3809,Entregue,148.75657145414945,21.0,086917-000
492,1542,Cancelado,,,025238-000
493,1276,Entregue,193.11343180899792,43.0,072766-000
494,1549,Entregue,134.08157259737874,64.0,056596-000
495,2331,Cancelado,,,093152-000
496,1402,Cancelado,,26.0,024422-000
497,3697,Cancelado,,20.0,039638-000
498,2453,Cancelado,,,057990-000
499,1996,Em Trânsito,179.92269512655272,56.0,080264-000
500,1075,Em Trânsito,173.3473675413505,58.0,074756-000
501,3386,Em Trânsito,190.50842345304807,,071285-000
502,3812,Em Trânsito,146.45544398052334,47.0,072553-000
503,2473,Cancelado,,,034029-000
504,4150,Em Trânsito,157.2661780629045,,061851-000
505,3085,Entregue,193.00016622531683,20.0,067226-000
506,1317,Entregue,53.91947682259534,26.0,028384-000
507,4399,Entregue,138.073256019944,25.0,040089-000
508,4501,Em Trânsito,256.06391049975014,26.0,097926-000
509,2186,Em Trânsito,227.03939036418024,73.0,043007-000
510,2381,Entregue,165.16686310051804,34.0,099359-000
511,2962,Em Trânsito,179.61031447372923,41.0,077726-000
512,3687,Cancelado,,25.0,073182-000
513,3717,Em Trânsito,181.53196632634572,70.0,047459-000
514,1328,Entregue,106.17348066254347,31.0,075411-000
515,2854,Entregue,116.7276576280159,71.0,012015-000
516,4485,Em Trânsito,117.45940691229461,,097290-000
517,2904,Em Trânsito,127.76258523530373,35.0,092082-000
518,4666,Entregue,228.70156202044404,66.0,063901-000
519,2948,Entregue,91.68334581407103,41.0,010030-000
520,1475,Em Trânsito,248.19034476126606,56.0,016601-000
521,4527,Em Trânsito,170.25972333618463,69.0,034389-000
522,2752,Entregue,91.64831686824135,64.0,053098-000
523,2737,Entregue,121.50911241845725,44.0,094095-000
524,2813,Entregue,171.9253851594485,45.0,061978-000
525,2954,Entregue,85.38590593938066,,096985-000
526,2175,Entregue,132.5854408082827,51.0,027231-000
527,1537,Entregue,93.14890564012089,44.0,059943-000
528,4486,Entregue,181.77477217616578,51.0,034276-000
529,3390,Em Trânsito,93.93799086957522,56.0,055795-000
530,2789,Cancelado,,,073344-000
531,4457,Cancelado,,23.0,083513-000
532,4834,Em Trânsito,134.74796614015224,47.0,024294-000
533,2190,Cancelado,,45.0,072996-000
534,4936,Em Trânsito,173.5652873093891,,019204-000
535,2495,Em Trânsito,148.61273904719857,32.0,094944-000
536,3187,Em Trânsito,108.86535339756067,62.0,092994-000
537,4300,Em Trânsito,119.46630589831999,56.0,032352-000
538,3120,Cancelado,,56.0,061067-000
539,1427,Em Trânsito,101.79305353614879,32.0,096403-000
540,4370,Entregue,148.1958070658326,53.0,033613-000
541,2259,Em Trânsito,233.39290026854107,,089190-000
542,2730,Cancelado,,18.0,033704-000
543,4030,Cancelado,,,092655-000
544,1599,Cancelado,,26.0,018133-000
545,1096,Cancelado,,18.0,072949-000
546,1477,Entregue,212.3033739433975,22.0,067321-000
547,2701,Em Trânsito,121.46971383671028,64.0,064200-000
548,2021,Entregue,245.86239438441308,53.0,091573-000
549,1490,Em Trânsito,147.31191309247004,27.0,097741-000
550,2319,Em Trânsito,91.86887724502677,19.0,053816-000
551,1405,Entregue,200.19703984918223,40.0,097596-000
552,1714,Entregue,229.25943687742085,,091615-000
553,3494,Cancelado,,46.0,030861-000
554,3746,Em Trânsito,172.07256374650729,73.0,026479-000
555,2298,Em Trânsito,116.35733080441139,36.0,084639-000
556,2043,Em Trânsito,98.92616665575657,55.0,039458-000
557,4958,Em Trânsito,105.90124299680095,64.0,087034-000
558,1584,Em Trânsito,160.50872629595895,37.0,030820-000
559,3474,Em Trânsito,214.67375198138544,,084446-000
560,1953,Cancelado,,28.0,053964-000
561,3897,Em Trânsito,171.00011246605925,52.0,065833-000
562,4432,Cancelado,,69.0,068717-000
563,3030,Em Trânsito,143.68233269631378,66.0,033399-000
564,4381,Em Trânsito,106.59307749828366,24.0,033758-000
565,1593,Entregue,59.47130821011234,40.0,017658-000
566,2831,Em Trânsito,124.41148914113278,72.0,090801-000
567,1355,Entregue,206.46448555905323,67.0,065162-000
568,3074,Entregue,25.264459250289548,34.0,030065-000
569,2676,Entregue,205.06634153954855,,061961-000
570,4118,Cancelado,,,057467-000
571,3503,Entregue,143.07106243442462,19.0,021411-000
572,1111,Entregue,123.7335636879606,22.0,072408-000
573,3794,Entregue,173.94585205961778,38.0,042697-000
574,4734,Em Trânsito,219.92760167708258,30.0,025162-000
575,1374,Cancelado,,28.0,081571-000
576,2338,Cancelado,,41.0,032510-000
577,1844,Cancelado,,50.0,067848-000
578,3173,Cancelado,,44.0,056925-000
579,4078,Em Trânsito,68.08247799646317,,081664-000
580,3609,Entregue,166.3912581345893,52.0,036841-000
581,2383,Em Trânsito,120.58007664527273,35.0,048746-000
582,3625,Cancelado,,38.0,090353-000
583,4970,Em Trânsito,213.9226681000048,21.0,095980-000
584,1361,Em Trânsito,193.88991603667262,58.0,078520-000
585,1678,Cancelado,,,029180-000
586,1982,Entregue,63.533830560196336,60.0,015444-000
587,3811,Em Trânsito,157.05379259687578,66.0,095846-000
588,3822,Cancelado,,28.0,079344-000
589,2731,Em Trânsito,37.698997082652824,20.0,084216-000
590,3036,Em Trânsito,198.981224725006,68.0,056487-000
591,2718,Em Trânsito,273.3024355407375,69.0,033327-000
592,2287,Entregue,209.3172602314253,72.0,036834-000
593,1799,Em Trânsito,110.34580640440375,38.0,094633-000
594,1274,Em Trânsito,182.10344118952617,,071698-000
595,2653,Entregue,161.6498509191263,31.0,035826-000
596,3443,Em Trânsito,239.0902426540246,23.0,081654-000
597,2336,Em Trânsito,206.7626736922036,68.0,024707-000
598,1905,Entregue,105.05119466179993,70.0,034975-000
599,2882,Cancelado,,46.0,022596-000
600,1491,Em Trânsito,108.98282250642228,48.0,063207-000
601,4860,Cancelado,,64.0,046867-000
602,2427,Cancelado,,45.0,013817-000
603,3424,Cancelado,,60.0,036849-000
604,4715,Entregue,158.471417749183,67.0,082018-000
605,1658,Entregue,122.44229860700196,53.0,084853-000
606,1540,Em Trânsito,155.32307769987924,45.0,065353-000
607,3886,Cancelado,,36.0,032284-000
608,1319,Entregue,135.94314167169944,20.0,061755-000
609,3036,Entregue,160.96771542169677,29.0,021691-000
610,3272,Cancelado,,53.0,011565-000
611,1455,Entregue,88.47061066041205,41.0,051878-000
612,1650,Cancelado,,,096539-000
613,2312,Entregue,200.87167726080114,41.0,091386-000
614,2304,Cancelado,,18.0,071965-000
615,1416,Entregue,196.10293567506812,45.0,060467-000
616,2507,Entregue,200.49376621194673,33.0,074556-000
617,4609,Entregue,159.207589863987,38.0,014119-000
618,1803,Entregue,122.58681181759184,,057866-000
619,3826,Cancelado,,,093574-000
620,1797,Em Trânsito,143.94591726612623,43.0,075777-000
621,4384,Em Trânsito,117.10078301822836,71.0,014332-000
622,1608,Entregue,179.64682113251519,52.0,045837-000
623,4721,Em Trânsito,119.39813548602189,,051253-000
624,3012,Entregue,57.51352648159461,33.0,058475-000
625,3840,Em Trânsito,202.9311195507629,59.0,023398-000
626,2631,Entregue,175.51583378572147,46.0,047073-000
627,4062,Em Trânsito,63.73672484179977,46.0,035363-000
628,2080,Em Trânsito,117.60298303835043,26.0,062225-000
629,4194,Entregue,145.18725086751027,,063222-000
630,4814,Em Trânsito,149.84556631949056,74.0,028660-000
631,2313,Entregue,255.2380449398447,,072402-000
632,3645,Em Trânsito,102.03861131581613,19.0,022745-000
633,4020,Cancelado,,,069604-000
634,2333,Cancelado,,19.0,020023-000
635,4634,Cancelado,,,089752-000
636,4299,Entregue,208.66738130806237,35.0,034961-000
637,3053,Entregue,136.70590172862998,,066834-000
638,4514,Entregue,210.92936363025274,74.0,059679-000
639,1309,Cancelado,,24.0,044179-000
640,1784,Em Trânsito,143.7528000748586,40.0,070694-000
641,2945,Entregue,98.14193434742361,36.0,064237-000
642,3903,Cancelado,,36.0,030581-000
643,1904,Entregue,112.31130201923318,65.0,073052-000
644,2025,Entregue,86.14493810682723,,092309-000
645,4859,Em Trânsito,231.00625882955984,,084953-000
646,2626,Entregue,182.94334127033852,,030022-000
647,3821,Entregue,229.22198717005728,57.0,079328-000
648,3801,Em Trânsito,114.3390968188549,45.0,072855-000
649,2398,Entregue,180.2583282794581,28.0,027224-000
650,4317,Entregue,220.00522148095573,67.0,010234-000
651,4543,Em Trânsito,92.87102389364998,28.0,059265-000
652,2614,Entregue,166.32953952755156,72.0,090853-000
653,1822,Entregue,127.34156140878301,26.0,097999-000
654,2327,Cancelado,,31.0,013138-000
655,1057,Em Trânsito,108.94535181612555,51.0,092728-000
656,2248,Cancelado,,,015159-000
657,2449,Em Trânsito,138.12244886873165,,067052-000
658,2225,Entregue,103.72775410857264,38.0,059562-000
659,2940,Cancelado,,65.0,010066-000
660,1517,Cancelado,,,082082-000
661,3077,Cancelado,,50.0,089521-000
662,1150,Cancelado,,26.0,061405-000
663,1547,Em Trânsito,75.9857117858831,20.0,067684-000
664,3157,Entregue,118.6847194761273,31.0,018187-000
665,2144,Entregue,167.6023068914655,35.0,032337-000
666,3288,Cancelado,,29.0,022169-000
667,4842,Entregue,192.25655157700012,40.0,056131-000
668,4673,Entregue,118.8132230153,31.0,086201-000
669,2053,Em Trânsito,132.19457520995786,33.0,079840-000
670,3513,Entregue,171.9879256478668,54.0,064785-000
671,3512,Entregue,193.13748556121487,37.0,044778-000
672,3284,Entregue,142.98988537189936,37.0,091536-000
673,2394,Entregue,182.10411717719848,32.0,044656-000
674,2705,Cancelado,,58.0,092288-000
675,2172,Em Trânsito,42.54440201692606,42.0,077298-000
676,3421,Em Trânsito,195.30843149513063,,092913-000
677,1599,Em Trânsito,178.17335530011067,29.0,093107-000
678,3563,Entregue,145.13296205178517,,010002-000
679,4504,Cancelado,,,037765-000
680,3299,Em Trânsito,207.82550928533942,56.0,062879-000
681,2496,Cancelado,,73.0,010763-000
682,3610,Em Trânsito,5.363375954764649,70.0,058522-000
683,3583,Cancelado,,24.0,034841-000
684,4117,Entregue,216.93679507239108,25.0,020921-000
685,3675,Entregue,179.6649074897245,41.0,059876-000
686,4610,Em Trânsito,206.796773292044,64.0,029224-000
687,1606,Em Trânsito,224.32079237130736,42.0,097266-000
688,4950,Em Trânsito,221.4225591162388,38.0,094343-000
689,1434,Entregue,79.53563008865243,67.0,097301-000
690,3658,Entregue,139.91123600802663,,036989-000
691,4699,Em Trânsito,105.74521213434902,50.0,088590-000
692,3323,Em Trânsito,158.16556979891172,27.0,012475-000
693,3895,Entregue,82.26149721125634,39.0,064279-000
694,2531,Em Trânsito,152.14804524756295,36.0,081533-000
695,4166,Em Trânsito,63.8748022712837,46.0,082322-000
696,2734,Em Trânsito,132.64384682956296,20.0,097258-000
697,4217,Entregue,222.92065169846478,56.0,086620-000
698,3951,Entregue,115.89170942971263,21.0,031418-000
699,1666,Cancelado,,54.0,014465-000
700,1781,Cancelado,,48.0,080482-000
701,2425,Cancelado,,23.0,020514-000
702,1832,Cancelado,,45.0,051006-000
703,3551,Em Trânsito,110.24769140421523,27.0,013661-000
704,4486,Entregue,119.93098786667663,29.0,078100-000
705,3323,Entregue,153.41617919302166,,080463-000
706,1325,Cancelado,,71.0,092675-000
707,4327,Em Trânsito,113.48470775468519,19.0,070588-000
708,1556,Entregue,140.14491914062273,20.0,016179-000
709,1512,Entregue,53.230989610990804,18.0,092824-000
710,4218,Em Trânsito,128.18652493567188,52.0,012454-000
711,3342,Em Trânsito,160.07870103750332,41.0,095407-000
712,3422,Cancelado,,,046828-000
713,2690,Cancelado,,,032188-000
714,1055,Em Trânsito,158.58470744803185,69.0,073975-000
715,1911,Entregue,163.58138290262997,51.0,054723-000
716,2997,Em Trânsito,60.39838279757879,37.0,051738-000
717,4297,Em Trânsito,87.1471510248698,33.0,060942-000
718,2542,Entregue,175.12150868699047,47.0,023119-000
719,1019,Entregue,153.02571280153984,64.0,033872-000
720,4230,Cancelado,,,056152-000
721,4541,Em Trânsito,103.52159902813406,42.0,099656-000
722,3899,Cancelado,,22.0,044369-000
723,3638,Em Trânsito,173.93837749512772,46.0,039315-000
724,1920,Em Trânsito,158.36286260006918,,013843-000
725,3413,Entregue,52.97183813782513,,058512-000
726,1000,Em Trânsito,145.05815762208516,70.0,013675-000
727,3960,Em Trânsito,239.04954063184314,58.0,087585-000
728,1847,Entregue,179.98717971036257,,043773-000
729,2252,Entregue,105.22998363212757,49.0,070044-000
730,1724,Entregue,158.34200564249696,63.0,010231-000
731,2306,Em Trânsito,139.71061148593728,68.0,021845-000
732,1759,Entregue,232.31798655416407,35.0,032960-000
733,2142,Em Trânsito,93.723690416867,58.0,063738-000
734,2914,Cancelado,,52.0,073150-000
735,1226,Entregue,90.3174908922322,60.0,091766-000
736,4095,Cancelado,,41.0,028517-000
737,1701,Cancelado,,64.0,038412-000
738,1307,Entregue,207.69231146534128,45.0,093610-000
739,4378,Entregue,188.41711408217768,53.0,027607-000
740,4009,Em Trânsito,73.78558714426362,38.0,028587-000
741,3616,Entregue,150.05776846012446,73.0,057860-000
742,2517,Cancelado,,22.0,019089-000
743,2531,Cancelado,,,057635-000
744,4382,Cancelado,,67.0,017882-000
745,2844,Em Trânsito,103.04445417680358,71.0,036445-000
746,2112,Em Trânsito,76.82355856327648,40.0,041820-000
747,4346,Entregue,149.9822317612482,61.0,060503-000
748,3668,Entregue,163.52421640017297,50.0,026555-000
749,1652,Entregue,167.7264644190179,43.0,015524-000
750,1796,Cancelado,,74.0,031241-000
751,1479,Cancelado,,,032201-000
752,3949,Cancelado,,37.0,029817-000
753,4959,Entregue,138.37012947953852,19.0,045967-000
754,4528,Entregue,58.241891615288324,58.0,020090-000
755,2779,Cancelado,,71.0,042266-000
756,1896,Entregue,176.883447398089,74.0,027743-000
757,3967,Em Trânsito,127.77308874065925,35.0,056837-000
758,1585,Entregue,124.95829354972967,22.0,026483-000
759,2378,Cancelado,,71.0,029826-000
760,1261,Entregue,203.76623618796472,49.0,062201-000
761,2199,Em Trânsito,113.47909576681394,63.0,023196-000
762,3451,Cancelado,,28.0,036496-000
763,4301,Entregue,140.21867868955792,38.0,067771-000
764,2611,Entregue,189.99636694519936,39.0,021159-000
765,2346,Entregue,148.2715394303618,20.0,037780-000
766,1694,Entregue,118.00929234549338,,092640-000
767,3833,Em Trânsito,190.09310312835572,19.0,093920-000
768,3324,Entregue,104.89229248691112,63.0,045775-000
769,4810,Entregue,142.1371587337164,45.0,023966-000
770,3724,Cancelado,,,063654-000
771,4346,Em Trânsito,130.72931567958645,,023696-000
772,3264,Cancelado,,,073401-000
773,2847,Em Trânsito,175.33100304351325,36.0,032574-000
774,3237,Entregue,196.0329707477657,46.0,055170-000
775,2041,Em Trânsito,158.21005286276463,19.0,047880-000
776,1743,Cancelado,,65.0,093651-000
777,4485,Entregue,258.3820414799491,23.0,061329-000
778,4255,Cancelado,,61.0,077116-000
779,4689,Cancelado,,71.0,068337-000
780,1242,Em Trânsito,3.7393681205437304,24.0,014590-000
781,2449,Entregue,87.9507720033784,53.0,093772-000
782,3100,Cancelado,,25.0,026465-000
783,2249,Cancelado,,36.0,063002-000
784,2737,Em Trânsito,214.2915669476992,27.0,078548-000
785,4669,Cancelado,,,099112-000
786,3609,Entregue,173.8045242684622,,015301-000
787,2918,Entregue,130.55601255621335,55.0,060607-000
788,3819,Em Trânsito,132.08418819069044,,035773-000
789,1318,Cancelado,,46.0,066104-000
790,3754,Em Trânsito,175.9742638929909,36.0,073461-000
791,2392,Em Trânsito,86.57198684981549,35.0,045880-000
792,1247,Cancelado,,68.0,099482-000
793,4639,Entregue,129.532466002519,68.0,034491-000
794,1176,Em Trânsito,22.036385029435635,40.0,067904-000
795,4547,Entregue,109.59842820073783,18.0,080917-000
796,2685,Entregue,179.9810980947921,69.0,044872-000
797,2931,Cancelado,,,027328-000
798,1012,Cancelado,,,018770-000
799,4432,Entregue,138.46190828018914,27.0,019106-000
800,3474,Em Trânsito,214.67375198138544,,084446-000
801,3302,Em Trânsito,184.11915589385438,70.0,046961-000
802,4719,Cancelado,,26.0,055251-000
803,2338,Cancelado,,41.0,032510-000
804,2690,Cancelado,,,032188-000
805,3248,Em Trânsito,185.10714591813922,,059944-000
806,3413,Entregue,52.97183813782513,,058512-000
807,3895,Entregue,82.26149721125634,39.0,064279-000
808,3230,Cancelado,,57.0,092935-000
809,3638,Em Trânsito,173.93837749512772,46.0,039315-000
810,1402,Cancelado,,26.0,024422-000
811,1604,Cancelado,,38.0,093451-000
812,3235,Entregue,105.48248876260709,31.0,069755-000
813,3635,Em Trânsito,154.31507234254084,,096588-000
814,4178,Cancelado,,46.0,092226-000
815,3372,Cancelado,,63.0,011080-000
816,1336,Cancelado,,49.0,083929-000
817,3060,Entregue,117.02195209653257,72.0,043234-000
818,1694,Entregue,118.00929234549338,,092640-000
819,3159,Cancelado,,24.0,013513-000
820,4299,Entregue,208.66738130806237,35.0,034961-000
821,4859,Em Trânsito,231.00625882955984,,084953-000
822,4013,Entregue,138.73361583126953,40.0,073046-000
823,1894,Entregue,147.60338399195908,65.0,060261-000
824,1585,Entregue,124.95829354972967,22.0,026483-000
825,3632,Em Trânsito,79.36257059498959,63.0,039698-000
826,2172,Em Trânsito,42.54440201692606,42.0,077298-000
827,1087,Entregue,171.4330485991448,62.0,015138-000
828,3625,Cancelado,,38.0,090353-000
829,2904,Em Trânsito,127.76258523530373,35.0,092082-000
830,2611,Entregue,189.99636694519936,39.0,021159-000
831,4485,Em Trânsito,117.45940691229461,,097290-000
832,1453,Entregue,139.28922898694128,49.0,098074-000
833,4020,Cancelado,,,069604-000
834,1756,Entregue,213.61131456051672,,059339-000
835,1911,Em Trânsito,121.73298902259808,39.0,081734-000
836,3512,Entregue,193.13748556121487,37.0,044778-000
837,2882,Cancelado,,46.0,022596-000
838,2781,Em Trânsito,135.94489967607984,67.0,086657-000
839,2918,Entregue,130.55601255621335,55.0,060607-000
840,4993,Cancelado,,,083097-000
841,1904,Entregue,112.31130201923318,65.0,073052-000
842,2398,Entregue,180.2583282794581,28.0,027224-000
843,2149,Cancelado,,40.0,019176-000
844,1107,Cancelado,,55.0,066624-000
